{
  "IcoMoonType": "selection",
  "icons": [
    {
      "icon": {
        "paths": [
          "M136.533 0h819.2c75.405 0 136.533 61.128 136.533 136.533v750.933c0 75.405-61.128 136.533-136.533 136.533h-819.2c-75.405 0-136.533-61.128-136.533-136.533v-750.933c0-75.405 61.128-136.533 136.533-136.533z",
          "M270.133 529.18l-4.695-4.48-70.546 66.825 248.551 237.109 522.183-498.145-70.083-66.856-452.098 430.877-173.311-165.331z"
        ],
        "attrs": [
          {
            "fill": "rgb(33, 150, 243)"
          },
          {
            "fill": "rgb(255, 255, 255)",
            "stroke": "rgb(255, 255, 255)",
            "strokeLinejoin": "miter",
            "strokeLinecap": "butt",
            "strokeMiterlimit": "4",
            "strokeWidth": 13.653333333333334
          }
        ],
        "width": 1092,
        "isMulticolor": true,
        "isMulticolor2": true,
        "grid": 0,
        "tags": [
          "ícono revisado"
        ],
        "colorPermutations": {
          "2552552551331502431": [
            {
              "f": 0
            },
            {
              "f": 1,
              "s": 1
            }
          ]
        }
      },
      "attrs": [
        {
          "fill": "rgb(33, 150, 243)"
        },
        {
          "fill": "rgb(255, 255, 255)",
          "stroke": "rgb(255, 255, 255)",
          "strokeLinejoin": "miter",
          "strokeLinecap": "butt",
          "strokeMiterlimit": "4",
          "strokeWidth": 13.653333333333334
        }
      ],
      "properties": {
        "order": 3,
        "id": 4,
        "name": "cono-revisado",
        "prevSize": 32
      },
      "setIdx": 0,
      "setId": 5,
      "iconIdx": 0
    },
    {
      "icon": {
        "paths": [
          "M1194.667 0h-1024c-70.4 0-127.36 57.6-127.36 128l-0.64 768c0 70.4 57.6 128 128 128h1024c70.4 0 128-57.6 128-128v-768c0-70.4-57.6-128-128-128zM1169.067 272l-452.48 282.88c-20.48 12.8-47.36 12.8-67.84 0l-452.48-282.88c-16-10.24-25.6-27.52-25.6-46.080 0-42.88 46.72-68.48 83.2-46.080l428.8 268.16 428.8-268.16c36.48-22.4 83.2 3.2 83.2 46.080 0 18.56-9.6 35.84-25.6 46.080z"
        ],
        "attrs": [
          {}
        ],
        "width": 1365,
        "isMulticolor": false,
        "isMulticolor2": false,
        "grid": 0,
        "tags": [
          "Vector-email"
        ]
      },
      "attrs": [
        {}
      ],
      "properties": {
        "order": 4,
        "id": 3,
        "name": "Vector-email",
        "prevSize": 32
      },
      "setIdx": 0,
      "setId": 5,
      "iconIdx": 1
    },
    {
      "icon": {
        "paths": [
          "M512 512c141.44 0 256-114.56 256-256s-114.56-256-256-256c-141.44 0-256 114.56-256 256s114.56 256 256 256zM512 640c-170.88 0-512 85.76-512 256v64c0 35.2 28.8 64 64 64h896c35.2 0 64-28.8 64-64v-64c0-170.24-341.12-256-512-256z"
        ],
        "attrs": [
          {}
        ],
        "isMulticolor": false,
        "isMulticolor2": false,
        "grid": 0,
        "tags": [
          "Vector-name"
        ]
      },
      "attrs": [
        {}
      ],
      "properties": {
        "order": 5,
        "id": 2,
        "name": "Vector-name",
        "prevSize": 32
      },
      "setIdx": 0,
      "setId": 5,
      "iconIdx": 2
    },
    {
      "icon": {
        "paths": [
          "M877.422 667.25l-134.444-15.35c-32.292-3.705-64.051 7.411-86.812 30.171l-97.395 97.398c-149.797-76.225-272.599-198.498-348.821-348.826l97.924-97.925c22.761-22.761 33.876-54.52 30.171-86.808l-15.35-133.39c-6.352-53.461-51.344-93.69-105.334-93.69h-91.573c-59.813 0-109.569 49.756-105.864 109.57 28.054 452.041 389.579 813.036 841.091 841.094 59.809 3.701 109.568-46.051 109.568-105.867v-91.568c0.527-53.465-39.702-98.458-93.162-104.809z"
        ],
        "attrs": [
          {}
        ],
        "isMulticolor": false,
        "isMulticolor2": false,
        "grid": 0,
        "tags": [
          "Vector-phone"
        ]
      },
      "attrs": [
        {}
      ],
      "properties": {
        "order": 6,
        "id": 1,
        "name": "Vector-phone",
        "prevSize": 32
      },
      "setIdx": 0,
      "setId": 5,
      "iconIdx": 3
    },
    {
      "icon": {
        "paths": [
          "M970.902 113.778v796.442h-849.539v-796.442h849.539zM970.902 0h-849.539c-66.75 0-121.363 51.2-121.363 113.778v796.442c0 62.58 54.613 113.78 121.363 113.78h849.539c66.751 0 121.364-51.2 121.364-113.78v-796.442c0-62.578-54.613-113.778-121.364-113.778z"
        ],
        "attrs": [
          {}
        ],
        "width": 1092,
        "isMulticolor": false,
        "isMulticolor2": false,
        "grid": 0,
        "tags": [
          "Vector-uncheck"
        ]
      },
      "attrs": [
        {}
      ],
      "properties": {
        "order": 7,
        "id": 0,
        "name": "Vector-uncheck",
        "prevSize": 32
      },
      "setIdx": 0,
      "setId": 5,
      "iconIdx": 4
    }
  ],
  "height": 1024,
  "preferences": {
    "showGlyphs": true,
    "showQuickUse": true,
    "showQuickUse2": true,
    "showSVGs": true,
    "fontPref": {
      "prefix": "icon-",
      "metadata": {
        "fontFamily": "icomoon"
      },
      "metrics": {
        "emSize": 1024,
        "baseline": 6.25,
        "whitespace": 50
      },
      "embed": false
    },
    "imagePref": {
      "prefix": "icon-",
      "png": true,
      "useClassSelector": true,
      "color": 0,
      "bgColor": 16777215,
      "classSelector": ".icon",
      "name": "icomoon"
    },
    "historySize": 50,
    "showCodes": true,
    "gridSize": 16
  }
}